id,"productnaam","productomschrijving","img","link","specialeactie"
1,"Or Crew","Neck T-shirt Men","J&J_OR-CREW-NECK_4312C52207_1010.jpg","/jack-jones-t-shirt-original-crew-shortsleeve-4312c52207","Only"
2,"Camo","Sweat Shorts Men","J&J_CAMO_4365C52002_5507.jpg","/jack-jones-trousers-camo-4365c52002","Only"
3,"Binno","Playsuit Women","ICHI_BINNO-JUMPSUIT_4185C52005_4106.jpg","/ichi-jumpsuit-binno-4185c52005?id_colour=2346",""
4,"Berot","Shorts Women","ONLY_BEROT_4181C52025_1149.jpg","/only-shorts-berot-4181c52025?id_colour=419","2 for &euro;25"
5,"Selfiestick","Accessory","4T7A0113.jpg","/azuri-video-accessory-selfiestick-2e12c52001",""
6,"Universal 180&deg;","Fish Eye Lens","BLACK-EYE_UNIVERSAL-FISH-EYE_2g52c50007_0101_01_be_Ver1.jpg","/black-eye-e-gadget-the-original-180-fisheye-lens-2h61c52007",""
7,"Clipper","Wide Angle","BLACK-EYE_CLIPPER-WIDE-ANGLE_2g52c50008_0101_02_be_Ver1-copy.jpg","/black-eye-e-gadget-clipper-wide-angle-2h61c52008?id_colour=5806",""
8,"Darwin 3","&amp; Air Bed Maxi Comfort","COLEMAN_DARWIN_3PLUS_MATRAS.jpg","/index.cfm/fuseaction/products.search/?searchvalue=coleman+darwin+air","Set price"
9,"Moji","Lantern","BLACK-DIAMOND_MOJI_2541c50002_4040_01.jpg_be-copy.jpg","/black-diamond-lantern-moji-light-2931c52002?id_colour=736","Use ecocheques"
10,"Hero 4 Silver","Video","GOPRO_4.jpg","/gopro-video-hero-4-silver-2E21D42002","Free bundle worth &euro;59,95"
11,"Moore","Shirt Men","EIDER_MOORE_3315C52049_6161.jpg","/eider-shirt-moore-3315C52049",""
12,"Refractor","Duffle Pack","THE-NORTH-FACE_REFRACTOR-DUFFEL-PACK_2146c50001_7070_01_be-copy.jpg","/the-north-face-trolley-refractor-duffle-pack-2261c52001",""
13,"Flyweight","Daypack 17l","THE-NORTH-FACE_FLYWEIGHT-PACK_2111c10013_7071_53.jpg","/the-north-face-daypack-flyweight-2111c10013",""
14,"No matter what","Flatbed 20 Trolley","EAGLE-CREEK_FLATBED20_2261D42006_7070.jpg","/eagle-creek-trolley-no-matter-what-flatbed-20-2261d42006?id_colour=1594",""
15,"No matter what","Flatbed 28 Trolley","EAGLE-CREEK_FLATBED28_2231D42027_3232.jpg","/eagle-creek-trolley-no-matter-what-flatbed-28-2231d42027?id_colour=2374",""
16,"No matter what","Flatbed 32 Trolley","EAGLE-CREEK_FLATBED32_2231D42028_4242.jpg","/eagle-creek-trolley-no-matter-what-flatbed-32-2231d42028?id_colour=2374",""
17,"No matter what","Flatbed 20/28/32","EAGLE_CREEK_SET_TROLLEYS.jpg","/index.cfm/fuseaction/products.search/?searchvalue=No+matter+what","Set price"
18,"Kodiak","Charger Mini","OUTDOOR-TECH_KODIAK-OPLADER_2G32C52001_Vertical.jpg","en/outdoor-tech-charger-kodiak-mini-2g32c52001?id_colour=4168",""
19,"Totally Royal","Bag","2125c50003_6565_01.jpg","/pieces-shopper-totally-royal-leather-travel-bag-2315c52003?id_colour=3934",""
20,"Ginger fiji","Dress","KING-LOUIE_GINGER-DRESS_4163C52076_4904.jpg","/king-louie-dress-ginger-fiji-4163c52076",""
21,"Esther","Shorts Women","4T7A0172.jpg","/terre-bleue-shorts-esther-4184c52008?id_colour=1906",""
22,"Shirt","Women","YAYA_BLOUSE_4132C52068_5353.jpg","/yaya-shirt-090957-4132c52068?id_colour=3232",""
23,"Smartphone Projector","","LUCKIES_SMARTPHONE-PROJECTOR_2g31c50012_7015_02_be.jpg","/luckies-gadget-smartphone-projector-2h41c52060?id_colour=4123",""
24,"Lazy Afternoon","Hammock","Amazonas_Lazy-Afternoon_1311C30001_3040_01.jpg","/amazonas-hammock-lazy-afternoon-1311c50001?id_colour=1498",""
25,"Woodstock","Sleeping Bag","AYACUCHO_WOODSTOCK_1322c40002_0303_01-copy.jpg","/ayacucho-sleeping-bag-woodstock-1322c40002?id_colour=5962",""
26,"Junior Vario","Sleeping Bag","AYACUCHO_JUNIOR-VARIO_1321c20001_4040_02.jpg","/ayacucho-sleeping-bag-junior-vario-1321c20001?id_colour=2218",""
27,"Fox 30","Daypack Junior","fox-30.jpg","/deuter-daypack-fox-30-1213c30001?id_colour=1595","Free Camlebak Eddy 0,4l worth &euro;15,95"
28,"Travelset","Minispray 4x8ml","CARE-PLUS_TRAVELSET_262zc30001_0101_02.jpg","/care-plus-miscellaneous-travelset-minispray-4x8ml-2a23c32001?id_colour=5806",""
29,"Led Day Light","Torch Battery","VARTA_ZAKLAMP_2921C32017_0101_02.jpg","/varta-torch-battery-led-day-light-2921c32017","Use eco-cheques"
30,"Darwin 2","Tent","COLEMAN_DARWIN-2_1121c50013_5050_01_be.jpg","/coleman-tent-darwin-2-1121c50013",""
31,"SEO 3","Headlamp","LED-LENSER_SEO3_2511C30006.jpg","/led-lenser-headlamp-seo-3-2911c32005",""
32,"Flowers","Swim Shorts Boys","4T7A0200.jpg","/rumbl-swim-shorts-flowers-8422c52033?id_colour=2344",""
33,"Palm tree","Swim Shorts Boys","4T7A0198.jpg","/rumbl-swim-shorts-palm-tree-8422c52034",""
34,"Happy Hippie","Bikini Girls","4T7A0204.jpg","/lingadore-bikini-happy-hippie-8331c52055",""
35,"Flamingo","Lycra Girls","4T7A0187.jpg","/molo-kids-lycra-flamingo-8361c52001",""
36,"Shark","Lycra Boys","4T7A0186.jpg","/molo-kids-lycra-shark-8441c52002",""
37,"Vigga","Jumpsuit Girls","4T7A0189.jpg","/name-it-jumpsuit-vigga-kids-5284c52010",""
38,"Snorkling Set","Junior","Speedo_snorkelset.jpg","/speedo-lifestyle-toys-glide-junior-snorkeling-set-2i21c42001",""
39,"Beach Toys","Assortment","Quut_speelgoed.jpg","/quut","From"
40,"Niveajulbo","Free Nivea when buying Julbo sunglasses for kids","niveajulbo_EN.jpg","/index.cfm/fuseaction/products.search/?searchvalue=julbo&flt_type_gender=junior&filters=type_gender|LIST",""
41,"Assortment Flip Flops","For kids and teens, starting from €16","assortiment_teenslippers_EN.jpg","/junior/beachwear/sandals-flip-flops",""
42,"Cozumel","Hat","BARTS_COZUMEL_8634C52008_6464.jpg","/barts-hat-cozumel-8634c52008?id_colour=3856",""
43,"Ivy Jade","Bikini","ivy-jade-bikini.jpg","/beach-life-bikini-ivy-jade-8131c52032?id_colour=3270",""
44,"Kachon Tee","T-shirt Men","J&J-TECH_KACHON-TEE_8231C52015_7373.jpg","/jack-jones-tech-t-shirt-kachon-tee-8231c52015",""
45,"Happie Hippie","Bikini","4T7A0170.jpg","/lingadore-bikini-happie-hippie-8131c52020",""
46,"Mahalo","Beach Dress","4T7A0168.jpg","/lingadore-robe-mahalo-8154c52003?id_colour=4168","Only"
47,"Boltana","Strandjurk","4T7A0164.jpg","/protest-robe-boltana-8154c52004?id_colour=4269",""
48,"Yolt","Swim Shorts Men","PROTEST_YOLT_8222C52003_4110.jpg","/protest-swim-shorts-yolt-8222c52003",""
49,"Assortment Flip Flop","50% discount on your second pair","reef_EN.jpg","/index.cfm/fuseaction/products.search/?searchvalue=reef",""
50,"Assortment Solar Protection","50% discount on your second product","assortiment_zonnebescherming_EN.jpg","/index.cfm/fuseaction/products.search/?searchvalue=solar+protection+nivea",""
51,"Skomer","T-shirt Women","VAUDE_SKOMER_3112C50002_5353.jpg","/vaude-t-shirt-women-skomer-3112c50002?id_colour=3232",""
52,"Masai Mara","T-shirt Women","AYACUCHO_MASAI-MARA_-3112C50044_3232.jpg","/ayacucho-t-shirt-masai-mara-3112c40021",""
53,"Zambezi","Top Women","AYACUCHO_ZAMBEZI_3114C50024_0450.jpg","/index.cfm/fuseaction/products.search/?searchvalue=zambezi+top",""
54,"Elena","T-shirt Women","AYACUCHO_ELENA_-3112C32001_4030.jpg","/ayacucho-t-shirt-elena-3112c32001?id_colour=4030",""
55,"Simona","T-shirt Women","AYACUCHO_SIMONA_-3114C30012_3535.jpg","/ayacucho-top-simona-3114c30012?id_colour=3535",""
56,"Betty","Polo Women","AYACUCHO_BETTY-POLO_3119C42002_7272.jpg","/ayacucho-polo-betty-3119c42002?id_colour=7272",""
57,"City","T-shirt Men","SPRAYWAY_CITY_3312C50053_2020.jpg","/sprayway-t-shirt-city-3312c50053",""
58,"Ridge","T-shirt Men","SPRAYWAY_RIDGE_3312C40002_4040.jpg","/sprayway-t-shirt-ridge-3312c52003",""
59,"Zero Rules","T-shirt Men","COLUMBIA_ZERO-RULES_3312C40087_7272.jpg","/columbia-t-shirt-col-zero-rules-ss-graphic-3312c40087?id_colour=7272",""
60,"Mountain Tech III","T-shirt Men","COLUMBIA_MOUNTAIN-TECH_3312C30044_4444.jpg","/columbia-t-shirt-mountain-tech-iii-3312c30044?id_colour=2530",""
61,"Dome","T-shirt Men","THE-NORTH-FACE_DOME-BIKER_3312C40005_4040.jpg","/the-north-face-t-shirt-dome-biker-3312c40005",""
62,"Company Car","T-shirt Men","THE-NORTH-FACE_COMPANY-CAR_3312C40018_7373.jpg","/the-north-face-t-shirt-company-car-3312c40018",""
63,"Mountaineering","T-shirt Men","THE-NORTH-FACE_MOUNTAINEERING_3312C50037_5656.jpg","/the-north-face-t-shirt-mountaineering-3312c50037",""
64,"Tumi SS","T-shirt Men","AYACUCHO_TUMI_3312C50063_5555.jpg","/ayacucho-t-shirt-tumi-3312c50063?id_colour=3388",""
65,"Beat The Mountain","T-shirt Men","AYACUCHO_BEATTHEMOUNTAIN_3312C50064_5555.jpg","/ayacucho-t-shirt-beat-the-mountain-3312c50064",""
66,"Rhino","T-shirt Men","AYACUCHO_RHINO_3312C50069_3131.jpg","/ayacucho-t-shirt-rhino-3312c40034",""
67,"Hummingbird","T-shirt Men","AYACUCHO_HUMMINGBIRD_3312C30023_3232.jpg","/ayacucho-t-shirt-hummingbird-3312c30023",""
68,"Fish","T-shirt Men","AYACUCHO_FISH_3312C40036_5353.jpg","/ayacucho-t-shirt-fish-3312c40036?id_colour=3232",""
69,"Dots","T-shirt Men","AYACUCHO_DOTS_3312C40035_4242.jpg","/ayacucho-t-shirt-dots-3312c40035",""
70,"Owl","T-shirt Men","AYACUCHO_OWL_3312C50065_3232.jpg","/ayacucho-t-shirt-owl-3312c50065",""
71,"Mud Racer","T-shirt Men","AYACUCHO_MUD-RACER_3312C50066_7272.jpg","/ayacucho-t-shirt-mud-racer-3312C50066",""
72,"Benny","Polo Men","AYACUCHO_BENNY-POLO_3318C42011_5555.jpg","/ayacucho-polo-benny-3318c42011",""
73,"Bikerace","T-shirt Men","UAX_BIKERACE_3312A90032_5757.jpg","/uax-t-shirt-bikerace-3312a90032",""
74,"Recycle","T-shirt Men","UAX_RECYCLE_3312C40043_7171.jpg","/uax-t-shirt-recycle-3312c40043",""
75,"You Decide","T-shirt Men","UAX_YOU-DECIDE_3312C50073_5555.jpg","/uax-t-shirt-you-decide-3312c50073",""
76,"Deer","T-shirt Men","UAX_DEER-SHIRT_3312C40047_4141.jpg","/uax-t-shirt-deer-3312c40047",""
77,"Scubahuba","T-shirt Men","UAX_SCUBAHUBA_3312C00023_4040.jpg","/uax-t-shirt-scubahuba-3312c00023",""
78,"Ecologica","T-shirt Men","UAX_ECOLOGICA_3312C50074_7575.jpg","/uax-t-shirt-ecologica-3312c50074",""
79,"Re-cycle","T-shirt Men","UAX_RE-CYCLE_3312C50075_3131.jpg","/uax-t-shirt-re-cycle-3312c50075",""
80,"Fast Bike","T-shirt Men","UAX_FAST-BIKE_3318C52008_7171.jpg","/uax-polo-fast-bike-3318c52008",""
81,"Margot","Dress","PATAGONIA_MARGOT_3136C32002_9003.jpg","/patagonia-dress-margot-3136c32002?id_colour=5192",""
82,"Wahia","Dress","JACK-WOLFSKIN_WAHIA_3136C52021_5252.jpg","/jack-wolfskin-dress-wahia-3136c52021?id_colour=3154",""
83,"Sookie","Dress","ROYAL-ROBBINS_SOOKIE_3193c50013_4141_01_be.jpg","/royal-robbins-dress-sookie-3136c52003",""
84,"Flora","Dress","AYACUCHO_FLORA_3136C52012_0412.jpg","/ayacucho-dress-flora-3136c52012",""
85,"Teva","Assortment Teva originals","teva_EN.jpg","/teva",""
87,"Prime","Sun Glasses","SINNER_PRIME_2212a80013_1571_01.jpg","/sinner-glasses-prime-2412a82003?id_colour=704",""
88,"Rotorua","Shorts Women","JACK-WOLFSKIN_ROTORUA-SHORT_3133C12003_4747.jpg","/jack-wolfskin-short-rotorua-3133c12003",""
89,"Rotorua","Shorts Men","JACK-WOLFSKIN_ROTORUA_3372c10008_7272_01_Ver1.jpg","/jack-wolfskin-short-rotorua-3332c12004?id_colour=4324",""
90,"Bridgeton Low WP","Shoe Men","TIMBERLAND_BRIDGETON-LOW-WP_3d12c50016_6060_01_be.jpg","/timberland-shoe-bridgeton-low-waterproof-3722c52015?id_colour=3544",""
91,"Corliss Gore-Tex&copy;","Shoe Women","TIMBERLAND-CORLISS-GORETEX_3b12c50015_6040_01_be.jpg","/timberland-shoe-corliss-gore-tex-3712C52013",""
92,"Caucasus","Sleeping Bag","MILLET_CAUCASUS_1325C40002.jpg","/millet-sleeping-bag-caucasus-regular-1325c40002?id_colour=4284",""
93,"Caucasus long","Sleeping Bag","Caucasus_long.jpg","/millet-sleeping-bag-caucasus-long-1325c40003?id_colour=4284",""
94,"Futura 22","Daypack","DEUTER_FUTURA-22_1212c50015_5071_01_be.jpg","/deuter-daypack-futura-22-1212c50015",""
95,"Gels 3-pack","Sportliquids","OVERSTIMS_VOEDING_2913c40009_0101_01.jpg","/overstim-s-gels-sportliquids-3-pack-2d13c42009",""
96,"Tek Towel","Wash Kit","SEA-TO-SUMMIT_TECH-TOWEL-WASH_261zc50001_5252_01_be.jpg","/sea-to-summit-miscellaneous-tek-towel-wash-kit-large-2a1bc52001",""
97,"Compact 8x25","Binoculars","KITE-OPTICS_COMPACT-8X25_2713d30044_0070_01.jpg","/kite-optics-binoculars-compact-8x25-2b13d32044",""
98,"Poco Plus","Baby Carrier","OSPREY_POCO-PLUS_1251c20002_7272_01.jpg","/osprey-baby-carrier-poco-plus-1261c22002?id_colour=4324","Only"
99,"2+1","Outdoor t-shirts: 2 kopen, 1 gratis","2plus1_EN.jpg","/content/en/summerbrochure2015-2plus1",""
100,"Ambit 2S Graphite","Altimeter","SUUNTO_AMBIT-25-GRAPHIT_2421c30008_7015_02.jpg","/suunto-hoogtemeter-ambit-2s-grapphite-hartslagmeter-2545C32007","Heart rate monitor included"
101,"Ugrip Chain 585-5","Lock","ABUS_UGRIP-CHAIN_7272c50008_7070_01_be.jpg","/abus-lock-ugrip-chain-a381c52008",""
102,"Vybe D7","Folding Bike","DAHON_VYBE_7116c30001_1010_02_be.jpg","/dahon-folding-bike-vybe-d7-a216c32001?id_colour=4168",""
103,"Cluster 10+3","Backpack","VAUDE_CLUSTER_7511c20015_7070_51.jpg","/vaude-bicycle-bag-cluster-10-3l-a511c22016?id_colour=4168",""
104,"Activ TC","Helmet","Casco_Activ-TC_Black_left_0802.jpg","/casco-bicycle-helmet-activ-tc-a122c22004",""
105,"Dinsdag comfort 7V","City bike","BATAVUS_DINSDAG_7113c50060_7070_01_be.jpg","/batavus-citybike-dinsdag-comfort-7v-men-a213c52060",""
106,"Ichi","Bike Bag","CLARIJS_FIETSTAS_A513C52013_5203_01.jpg","/clarijs-covers-bike-bag-back-cc-ichi-krikke-a513c52013?id_colour=3190",""
107,"Vintage","Bicycle Bell","LIIX_VINTAGE-FIETSBAL_721ac50008_2424_01_be_Ver1.jpg","/liix-bicycle-bell-vintage-a391c52008","Only"
108,"Transport U4 Jeans","Citybike","CORTINA_TRANSPORT-U4_7119c50050_4545_01_be.jpg","/cortina-citybike-transport-u4-jeans-a223c52049",""
109,"Ride","T-shirt Women","ODLO_RIDE_7612c50005_3210_01_be.jpg","/odlo-t-shirt-ride-9112c52003",""
110,"Aircontact Pro 60+15","Backpack Men","Aircontact_Pro.jpg","/deuter-backpack-aircontact-pro-60-15-1232C50010","Raincover included"
111,"Aircontact Pro 55+15 SL","Backpack Women","Aircontact_Pro_55.jpg","/deuter-backpack-aircontact-pro-55-15-sl-1231C50006","Raincover included"
112,"Vespucci 4","Tent","COLEMAN_VESP_4_PARTY_GRILL_EN.jpg","/coleman-tent-vespucci-4-1142c52001","Free Campingaz Party Grill worth &euro; 54,95"
113,"Vespucci 6","Tent","COLEMAN_VESP_6_PARTY_GRILL_EN.jpg","/coleman-tent-vespucci-6-1152c52001","Free Campingaz Party Grill worth &euro; 54,96"
114,"Bandit","Video","TOMTOM_BANDIT_.jpg","/tomtom-video-bandit-2e21c52003",""
115,"Travel Bag","19644","CAMEL-ACTIVE_DUFFEL_2141c50010_5555_01_be.jpg","/camel-active-bags-travel-bag-19644-2211c52009",""
116,"Wash Bag","19743","CAMEL-ACTIVE_TOILETTAS_2171c50007_5555_01_be.jpg","/camel-active-bags-wash-bag-19743-2351c52007",""
117,"Picnic blanket","","LALAY_PICNIC_1475C52004_3737.jpg","/lalay-miscellaneous-picnic-blanket-1475c52004",""
118,"Smoozip +3&deg;C","Sleeping Bag","JACK-WOLFSKIN_SMOOZIP_1324c50006_4040_01_be.jpg","/jack-wolfskin-sleeping-bag-smoozip-3-1324c50006",""
119,"Green price","Buy a bag worth €1 and get the discount on the selected products","groeneprijs_EN.jpg","/content/en/Extra-green-discount-prices",""
120,"Green price","Buy a bag worth €1 and get the discount on the selected products","groeneprijs_EN.jpg","/content/en/Extra-green-discount-prices",""
121,"Hero 4 Black","Video","GOPRO_4.jpg","/gopro-video-hero-4-black-2e21c52001?id_colour=4168","Free bundle worth &euro;59,95"
122,"Green price","Buy a bag worth €1 and get the discount on the selected products","groeneprijs_EN.jpg","/content/en/Extra-green-discount-prices",""
123,"lookbook",NULL,"lookbook1.jpg","/lookbook/follow-the-sun",NULL
124,"lookbook",NULL,"lookbook2.jpg","/lookbook/follow-the-sun",NULL
127,"lookbook",NULL,"lookbook3.jpg","/lookbook/follow-the-sun",NULL
129,"lookbook",NULL,"lookbook4.jpg","/lookbook/follow-the-sun",NULL
130,"lookbook",NULL,"lookbook5.jpg","/lookbook/follow-the-sun",NULL
131,"lookbook",NULL,"lookbook6.jpg","/lookbook/follow-the-sun",NULL
132,"lookbook",NULL,"lookbook7.jpg","/lookbook/follow-the-sun",NULL
133,"lookbook",NULL,"lookbook8.jpg","/lookbook/follow-the-sun",NULL
134,"lookbook",NULL,"lookbook9.jpg","/lookbook/follow-the-sun",NULL
135,"lookbook",NULL,"lookbook11.jpg","/lookbook/follow-the-sun",NULL
136,"lookbook",NULL,"lookbook10.jpg","/lookbook/follow-the-sun",NULL
137,"lookbook",NULL,"lookbook12.jpg","/lookbook/follow-the-sun",NULL
138,"lookbook",NULL,"lookbook4.jpg","/lookbook/follow-the-sun",NULL
165,"lookbook",NULL,"lookbook5.jpg","/lookbook/follow-the-sun",NULL
